{"loss": [0.34993845224380493], "mask_loss": [0.4459327161312103], "edge_loss": [0.30879804491996765], "mask_acc": [0.8156194090843201], "edge_acc": [0.9102987051010132], "val_loss": [0.40354683995246887], "val_mask_loss": [0.6834370493888855], "val_edge_loss": [0.28359392285346985], "val_mask_acc": [0.7371054291725159], "val_edge_acc": [0.9274305105209351]}