{"loss": [0.1701236516237259, 0.06793235242366791, 0.0447729155421257, 0.03544291481375694, 0.031561385840177536, 0.0265201348811388, 0.024263005703687668, 0.027215952053666115, 0.02737152948975563, 0.02433178573846817, 0.024704620242118835, 0.023201508447527885, 0.024043142795562744, 0.02439022809267044, 0.02242313139140606, 0.02449391596019268, 0.022897867485880852, 0.023059261962771416, 0.019167281687259674, 0.022968681529164314, 0.02018522098660469, 0.019131924957036972, 0.02158256247639656, 0.020380625501275063, 0.01960381492972374, 0.020610716193914413, 0.020428907126188278, 0.020716793835163116, 0.022461947053670883, 0.02251383662223816, 0.01658591814339161, 0.020680537447333336, 0.02044934593141079, 0.021548205986618996, 0.01972646266222, 0.01735832914710045, 0.020138464868068695, 0.017716577276587486, 0.018440060317516327, 0.01988118328154087, 0.01801057532429695, 0.017978381365537643, 0.016521859914064407, 0.01704045757651329, 0.01957777887582779, 0.017370177432894707, 0.020792771130800247, 0.01839273050427437, 0.01936318166553974, 0.017481636255979538], "mean_iou": [0.024704666808247566, 0.035561591386795044, 0.09981729835271835, 0.15040628612041473, 0.1411447823047638, 0.15007570385932922, 0.17532134056091309, 0.17869819700717926, 0.15838132798671722, 0.1684747040271759, 0.1942431926727295, 0.18274392187595367, 0.1891089528799057, 0.1854977011680603, 0.1875946819782257, 0.18636669218540192, 0.20385675132274628, 0.1962035596370697, 0.2157943695783615, 0.1777833253145218, 0.203091099858284, 0.19162987172603607, 0.2082747220993042, 0.21124327182769775, 0.2047930657863617, 0.21246744692325592, 0.20351693034172058, 0.19838950037956238, 0.19978921115398407, 0.18837293982505798, 0.21161940693855286, 0.2146303653717041, 0.22159841656684875, 0.218713641166687, 0.22272518277168274, 0.22487090528011322, 0.2205740064382553, 0.22873815894126892, 0.22343991696834564, 0.21282589435577393, 0.23317474126815796, 0.20445910096168518, 0.23379096388816833, 0.2360171526670456, 0.22501571476459503, 0.22439716756343842, 0.20967242121696472, 0.23090524971485138, 0.2394271045923233, 0.22868011891841888], "dsc": [0.04092687368392944, 0.09089606255292892, 0.22506357729434967, 0.3301406800746918, 0.3777545690536499, 0.42206570506095886, 0.467504620552063, 0.4804210364818573, 0.45330965518951416, 0.47697913646698, 0.5063042640686035, 0.520549476146698, 0.5199683308601379, 0.5187816619873047, 0.5294185280799866, 0.5162072777748108, 0.5425253510475159, 0.5399855971336365, 0.5931110978126526, 0.5313223004341125, 0.5554879307746887, 0.5558847784996033, 0.5529616475105286, 0.5648229718208313, 0.5842605233192444, 0.5655186772346497, 0.5504596829414368, 0.5529266595840454, 0.5695024728775024, 0.5207412838935852, 0.6017321944236755, 0.5719252228736877, 0.5909263491630554, 0.5806277394294739, 0.5937886834144592, 0.603544294834137, 0.5880888104438782, 0.6170445680618286, 0.5917674899101257, 0.5751073360443115, 0.6079064607620239, 0.5702565908432007, 0.6040771007537842, 0.6398201584815979, 0.5998119711875916, 0.6181966662406921, 0.5729840993881226, 0.6207285523414612, 0.6170877814292908, 0.600002110004425], "tversky": [0.05852637439966202, 0.11415138095617294, 0.2659640312194824, 0.37044045329093933, 0.41672173142433167, 0.4519279897212982, 0.4970608949661255, 0.5047518014907837, 0.470388799905777, 0.4989262521266937, 0.5260140895843506, 0.5365468859672546, 0.5358761548995972, 0.5339284539222717, 0.5470372438430786, 0.5347630381584167, 0.5572901964187622, 0.5551817417144775, 0.60699862241745, 0.5429264307022095, 0.5708647966384888, 0.5674548149108887, 0.569097101688385, 0.5745797157287598, 0.5960003137588501, 0.5759534239768982, 0.5637503862380981, 0.5650128126144409, 0.5810003876686096, 0.5323842167854309, 0.6118476986885071, 0.5849698781967163, 0.6037240624427795, 0.5943729281425476, 0.6023739576339722, 0.6159899830818176, 0.6002333760261536, 0.6256847381591797, 0.6088322401046753, 0.5855898857116699, 0.6200685501098633, 0.5847783088684082, 0.6152223348617554, 0.650882363319397, 0.6145607233047485, 0.6301652789115906, 0.5772153735160828, 0.6344192028045654, 0.6293079853057861, 0.6132581233978271], "tversky_b": [0.11272118240594864, 0.18063893914222717, 0.4274091124534607, 0.5383356213569641, 0.585358738899231, 0.5931907296180725, 0.6424624919891357, 0.6284971237182617, 0.5848543643951416, 0.6252576112747192, 0.6415899395942688, 0.6551488637924194, 0.6485263109207153, 0.6436957716941833, 0.6537273526191711, 0.6494911313056946, 0.6760476231575012, 0.6580579876899719, 0.7086184024810791, 0.6441958546638489, 0.6794866919517517, 0.6749073266983032, 0.6784851551055908, 0.6723625659942627, 0.6922408938407898, 0.6781939268112183, 0.6688492298126221, 0.672460675239563, 0.6810474395751953, 0.6345046162605286, 0.7123427987098694, 0.6844376921653748, 0.7015785574913025, 0.6987385749816895, 0.6935395002365112, 0.7228361368179321, 0.708465039730072, 0.7231633067131042, 0.7136889696121216, 0.6858817338943481, 0.7142680883407593, 0.6832705140113831, 0.7179779410362244, 0.7439189553260803, 0.7246776223182678, 0.7324250340461731, 0.6707050800323486, 0.731373131275177, 0.7309523224830627, 0.7060297131538391], "acc": [0.9769933223724365, 0.9884952902793884, 0.9901564121246338, 0.9914770722389221, 0.9922816157341003, 0.99288409948349, 0.9937369227409363, 0.9926295876502991, 0.9925885200500488, 0.9932706952095032, 0.9933410882949829, 0.9935457110404968, 0.9933478236198425, 0.9929913878440857, 0.9934375882148743, 0.9930499196052551, 0.9934815764427185, 0.9931187033653259, 0.9945737719535828, 0.9933068752288818, 0.9939807057380676, 0.9942942261695862, 0.9937520027160645, 0.993625283241272, 0.9939919710159302, 0.9935365915298462, 0.9939486980438232, 0.994030773639679, 0.9930551052093506, 0.9930258989334106, 0.9950928092002869, 0.9939011931419373, 0.993613600730896, 0.9935832023620605, 0.9940530061721802, 0.9947308897972107, 0.9940363764762878, 0.994685173034668, 0.9942449927330017, 0.9939118027687073, 0.9944108128547668, 0.9941505193710327, 0.994974672794342, 0.994920015335083, 0.9938992261886597, 0.994764506816864, 0.9937953948974609, 0.9945605993270874, 0.9941071271896362, 0.9946210980415344], "val_loss": [0.12802328169345856, 0.07294662296772003, 0.061293814331293106, 0.03720496594905853, 0.031353142112493515, 0.03962702304124832, 0.030844561755657196, 0.02437913604080677, 0.04826357588171959, 0.025840839371085167, 0.023858336731791496, 0.038255445659160614, 0.029462333768606186, 0.026290949434041977, 0.034684084355831146, 0.03157040476799011, 0.025889446958899498, 0.025150010362267494, 0.03278616443276405, 0.023301605135202408, 0.02923048473894596, 0.02527685835957527, 0.028355596587061882, 0.02188154309988022, 0.022567622363567352, 0.019568178802728653, 0.022347360849380493, 0.023790530860424042, 0.023388247936964035, 0.02374269999563694, 0.019759876653552055, 0.03175637498497963, 0.024288514629006386, 0.020857563242316246, 0.019951768219470978, 0.045262981206178665, 0.019793011248111725, 0.02833295799791813, 0.021567119285464287, 0.017228271812200546, 0.021157652139663696, 0.016997339203953743, 0.022494500502943993, 0.021511204540729523, 0.01931319758296013, 0.021563008427619934, 0.01882489211857319, 0.018785955384373665, 0.017066167667508125, 0.02134343795478344],