{"loss": [0.17248070240020752, 0.07392101734876633, 0.047953005880117416, 0.037422340363264084, 0.034016672521829605, 0.03163415193557739, 0.02861948311328888, 0.025727925822138786, 0.025418151170015335, 0.02526002936065197, 0.0256362147629261, 0.02494894154369831, 0.026972396299242973, 0.022983863949775696, 0.02211606316268444, 0.023218637332320213, 0.0224043820053339, 0.022055387496948242, 0.021336786448955536, 0.022113073617219925], "mean_iou": [0.04322676733136177, 0.015845967456698418, 0.06357236206531525, 0.12103674560785294, 0.10704576224088669, 0.134868323802948, 0.15344513952732086, 0.1421627551317215, 0.16175733506679535, 0.17280350625514984, 0.17426304519176483, 0.18371762335300446, 0.18382053077220917, 0.21043933928012848, 0.20041336119174957, 0.20705528557300568, 0.19330091774463654, 0.19023971259593964, 0.19523540139198303, 0.19183984398841858], "dsc": [0.060012511909008026, 0.06183923780918121, 0.19131481647491455, 0.30387362837791443, 0.3287842273712158, 0.3809288740158081, 0.4250461459159851, 0.4146248400211334, 0.4574081301689148, 0.48020216822624207, 0.4850166440010071, 0.502662718296051, 0.5038564801216125, 0.5504587888717651, 0.5353692173957825, 0.5500279068946838, 0.5264584422111511, 0.532206654548645, 0.5524575710296631, 0.5378847122192383], "tversky": [0.08474066853523254, 0.07909207046031952, 0.22462120652198792, 0.3440518081188202, 0.3583489954471588, 0.4060935378074646, 0.4499417543411255, 0.4411816895008087, 0.47751882672309875, 0.49616190791130066, 0.5020626783370972, 0.5215215682983398, 0.5166221857070923, 0.5666787028312683, 0.5516163110733032, 0.5697440505027771, 0.5403050780296326, 0.5474780201911926, 0.5628896355628967, 0.549082338809967], "tversky_b": [0.22949133813381195, 0.1021946519613266, 0.364174485206604, 0.5314183235168457, 0.5183756947517395, 0.5674971342086792, 0.5991989374160767, 0.5804063677787781, 0.6110398769378662, 0.6252833008766174, 0.6306532621383667, 0.6279731392860413, 0.6213365197181702, 0.6784090399742126, 0.6662660837173462, 0.6760400533676147, 0.6549586057662964, 0.660755455493927, 0.675497829914093, 0.6616411209106445], "acc": [0.9748961925506592, 0.9878700971603394, 0.9895138740539551, 0.9910606145858765, 0.9907072186470032, 0.9919741749763489, 0.9926583170890808, 0.9927899837493896, 0.9928960800170898, 0.9929792284965515, 0.9929186105728149, 0.9930382966995239, 0.992765486240387, 0.9933680295944214, 0.99395751953125, 0.9933385848999023, 0.9934912919998169, 0.9933528900146484, 0.993996798992157, 0.993691623210907], "val_loss": [0.17176644504070282, 0.0654648095369339, 0.05603795126080513, 0.039649784564971924, 0.04310402274131775, 0.03217557445168495, 0.028644347563385963, 0.03740618750452995, 0.040862955152988434, 0.03054838627576828, 0.030525581911206245, 0.023499298840761185, 0.024581914767622948, 0.02326030656695366, 0.028576955199241638, 0.028200333938002586, 0.022448139265179634, 0.025285832583904266, 0.025190027430653572, 0.02350885607302189], "val_mean_iou": [0.0, 0.0011365247191861272, 0.06894095987081528, 0.09577583521604538, 0.03744608908891678, 0.14710856974124908, 0.2194381058216095, 0.06237388029694557, 0.034156281501054764, 0.1495494395494461, 0.19418451189994812, 0.16720496118068695, 0.17040187120437622, 0.1881221979856491, 0.24600747227668762, 0.15324564278125763, 0.23593968152999878, 0.12525656819343567, 0.1981121152639389, 0.22401507198810577], "val_dsc": [0.02358122728765011, 0.04141721501946449, 0.15537995100021362, 0.252951979637146, 0.2187255620956421, 0.3666714131832123, 0.4674769937992096, 0.27243274450302124, 0.25690627098083496, 0.40721142292022705, 0.4324550926685333, 0.4678032100200653, 0.5208687782287598, 0.5231829285621643, 0.4905513823032379, 0.5018075108528137, 0.55148845911026, 0.4653773009777069, 0.5400155186653137, 0.5133460164070129], "val_tversky": [0.034547168761491776, 0.04919049143791199, 0.19289597868919373, 0.2868998646736145, 0.21806740760803223, 0.4032134711742401, 0.5225086808204651, 0.27692553400993347, 0.2293744832277298, 0.4287266135215759, 0.47105276584625244, 0.4886098802089691, 0.5191308856010437, 0.5422213077545166, 0.5515459179878235, 0.4896886646747589, 0.5947890877723694, 0.45776575803756714, 0.5466605424880981, 0.5483691692352295], "val_tversky_b": [0.04360658675432205, 0.02340834215283394, 0.3889862895011902, 0.4605797231197357, 0.27977287769317627, 0.584013044834137, 0.6663259267807007, 0.3349117934703827, 0.22815825045108795, 0.5484849214553833, 0.5873000025749207, 0.6152438521385193, 0.6224114298820496, 0.6700147986412048, 0.6831170320510864, 0.5535563230514526, 0.7153335809707642, 0.5634787082672119, 0.6319701075553894, 0.6682128310203552], "val_acc": [0.9879682660102844, 0.9878955483436584, 0.9908251762390137, 0.9914001226425171, 0.9902754426002502, 0.9925544261932373, 0.9917493462562561, 0.9904248118400574, 0.9898238182067871, 0.9913694858551025, 0.9905223846435547, 0.9935699105262756, 0.993527889251709, 0.9935421347618103, 0.9916037917137146, 0.9903473854064941, 0.9931823015213013, 0.9930207133293152, 0.9910671710968018, 0.9933500289916992]}