{"loss": [0.7801119089126587, 0.7554453611373901, 0.6704157590866089, 0.649442732334137, 0.6583779454231262, 0.6206573247909546, 0.6408829092979431, 0.6471607089042664, 0.5763000249862671, 0.5481600761413574, 0.6463029384613037, 0.64803546667099, 0.608864426612854, 0.6002925038337708, 0.6216149926185608], "mean_iou": [0.0822812169790268, 0.06680566072463989, 0.07977574318647385, 0.07479517161846161, 0.06415519118309021, 0.06953828036785126, 0.07296709716320038, 0.0629802793264389, 0.07680530101060867, 0.07862787693738937, 0.07169652730226517, 0.06889569759368896, 0.0729537159204483, 0.07445673644542694, 0.06665734946727753], "dsc": [0.21444156765937805, 0.25231918692588806, 0.34730809926986694, 0.3775686025619507, 0.3704628646373749, 0.4109039008617401, 0.3935181498527527, 0.37937095761299133, 0.4591607451438904, 0.4865603446960449, 0.390018492937088, 0.38396573066711426, 0.4213264286518097, 0.43811994791030884, 0.4056442677974701], "tversky": [0.266129732131958, 0.2895050048828125, 0.37586116790771484, 0.39695554971694946, 0.3854955732822418, 0.42211416363716125, 0.404238224029541, 0.38755810260772705, 0.4672848880290985, 0.4996398985385895, 0.39551299810409546, 0.39416900277137756, 0.4328898787498474, 0.44246333837509155, 0.41000333428382874], "tversky_b": [0.4008360207080841, 0.3537684977054596, 0.41692933440208435, 0.41561514139175415, 0.40162572264671326, 0.4305194914340973, 0.40997084975242615, 0.3910277783870697, 0.4772973656654358, 0.50481116771698, 0.39730575680732727, 0.404385507106781, 0.4477931559085846, 0.4443683326244354, 0.42110711336135864], "acc": [0.8775221109390259, 0.9211573004722595, 0.9316021203994751, 0.9473788738250732, 0.9564369916915894, 0.9601047039031982, 0.9596126079559326, 0.9623708724975586, 0.9746469259262085, 0.97774338722229, 0.9589254856109619, 0.9547135829925537, 0.9654083251953125, 0.965571403503418, 0.9547303915023804], "val_loss": [0.9257680177688599, 0.9279656410217285, 0.8445616960525513, 0.9192125797271729, 0.8356491923332214, 0.7937319278717041, 0.892338752746582, 0.7741947174072266, 0.7331405878067017, 0.7842044234275818, 0.7071148753166199, 0.7691933512687683, 0.6610331535339355, 0.7292189002037048, 0.7419154047966003], "val_mean_iou": [0.02212764322757721, 0.020071545615792274, 0.0239279605448246, 0.024123409762978554, 0.020610684528946877, 0.023030541837215424, 0.028302688151597977, 0.029016481712460518, 0.028051599860191345, 0.025656402111053467, 0.02989969775080681, 0.027973834425210953, 0.028424782678484917, 0.028999393805861473, 0.02836243063211441], "val_dsc": [0.069869264960289, 0.06717680394649506, 0.15463103353977203, 0.07652896642684937, 0.1620917171239853, 0.19438475370407104, 0.10473386198282242, 0.21963605284690857, 0.24601611495018005, 0.2146294265985489, 0.2618851959705353, 0.22522293031215668, 0.28679606318473816, 0.2486124485731125, 0.2419181913137436], "val_tversky": [0.09103526920080185, 0.08813200145959854, 0.17838852107524872, 0.09768986701965332, 0.18815775215625763, 0.2361639142036438, 0.1261473149061203, 0.2532908618450165, 0.305414617061615, 0.24693508446216583, 0.33616214990615845, 0.26155248284339905, 0.39550888538360596, 0.3099149465560913, 0.2977621555328369], "val_tversky_b": [0.8238255977630615, 0.11280330270528793, 0.678108811378479, 0.10146480053663254, 0.714230477809906, 0.6944929957389832, 0.20047469437122345, 0.7829809784889221, 0.7343528866767883, 0.7983970046043396, 0.7314985394477844, 0.6951838135719299, 0.7561801075935364, 0.7818740010261536, 0.8149579763412476], "val_acc": [0.9956402778625488, 0.8377566337585449, 0.9943934082984924, 0.8156504034996033, 0.9931786060333252, 0.9944320321083069, 0.8550988435745239, 0.9972272515296936, 0.9973253011703491, 0.997585117816925, 0.9975154995918274, 0.9972642064094543, 0.9977914690971375, 0.9978678226470947, 0.9979203939437866]}