{"loss": [0.1514657884836197, 0.09172167629003525, 0.0626295879483223, 0.05880868062376976, 0.054111022502183914, 0.06137566268444061, 0.06517449021339417, 0.05538010969758034, 0.050454940646886826, 0.04306019842624664, 0.04283209517598152, 0.03643893450498581, 0.06509837508201599, 0.04821813106536865, 0.04724545031785965], "mean_iou": [0.01436170656234026, 0.031878337264060974, 0.05243495851755142, 0.04469795897603035, 0.04430678114295006, 0.0545051172375679, 0.05310848727822304, 0.06178731843829155, 0.06852283328771591, 0.05079307779669762, 0.0552934892475605, 0.050926633179187775, 0.06466860324144363, 0.05487041547894478, 0.04935501515865326], "dsc": [0.12397465854883194, 0.2146187722682953, 0.30287864804267883, 0.29840657114982605, 0.28133007884025574, 0.3836081922054291, 0.38722047209739685, 0.3796929121017456, 0.42502981424331665, 0.312199205160141, 0.36676326394081116, 0.3245461583137512, 0.37655943632125854, 0.3379760980606079, 0.3174033761024475], "tversky": [0.12514226138591766, 0.22853504121303558, 0.3117450475692749, 0.3070647716522217, 0.28776663541793823, 0.3857104480266571, 0.39194974303245544, 0.38170453906059265, 0.43712592124938965, 0.31927141547203064, 0.372055321931839, 0.3335436284542084, 0.3851063847541809, 0.3427414298057556, 0.324130654335022], "acc": [0.9699469208717346, 0.9795377850532532, 0.985715389251709, 0.9832674264907837, 0.9843536019325256, 0.9837285280227661, 0.9818928241729736, 0.9859158992767334, 0.9857255816459656, 0.9886118173599243, 0.9882457256317139, 0.9900466799736023, 0.9829242825508118, 0.9871147274971008, 0.988227128982544], "val_loss": [0.09816772490739822, 0.19771945476531982, 0.013752076774835587, 0.23550103604793549, 0.03140123561024666, 0.029251843690872192, 0.05563275143504143, 0.009013342671096325, 0.016809692606329918, 0.014861791394650936, 0.008397475816309452, 0.049128104001283646, 0.07263584434986115, 0.009452799335122108, 0.011989654041826725], "val_mean_iou": [0.0031351421494036913, 0.010433605872094631, 0.020143138244748116, 0.020435355603694916, 0.016498330980539322, 0.0005633766413666308, 0.02245253697037697, 0.021941721439361572, 0.025486934930086136, 0.00459728529676795, 0.019998587667942047, 0.017004352062940598, 0.00925704836845398, 0.026963261887431145, 0.016211768612265587], "val_dsc": [0.02879503183066845, 0.044031087309122086, 0.15718255937099457, 0.10002798587083817, 0.11122502386569977, 0.06047416105866432, 0.11413181573152542, 0.1760767549276352, 0.18500809371471405, 0.11407701671123505, 0.17559084296226501, 0.10067649185657501, 0.06887001544237137, 0.18678466975688934, 0.1469610631465912], "val_tversky": [0.03126747906208038, 0.056791115552186966, 0.1623893678188324, 0.12429624795913696, 0.12071745097637177, 0.058976974338293076, 0.1291474550962448, 0.18351894617080688, 0.20738545060157776, 0.11179717630147934, 0.18282879889011383, 0.11283402889966965, 0.08010233938694, 0.2025631070137024, 0.15205185115337372], "val_acc": [0.9935550689697266, 0.9965649843215942, 0.9975637793540955, 0.8939592242240906, 0.9955153465270996, 0.9905422329902649, 0.9976685643196106, 0.9979502558708191, 0.99619460105896, 0.9946233630180359, 0.9980436563491821, 0.9971283674240112, 0.9961631298065186, 0.9977121353149414, 0.9975823163986206]}