{"loss": [0.7588457465171814, 0.6048169136047363, 0.6451787948608398, 0.6322697401046753, 0.5225188732147217, 0.6071105003356934, 0.5659946799278259, 0.5387492179870605, 0.5574110746383667, 0.5705755949020386, 0.5490843653678894, 0.5804417133331299, 0.549344003200531, 0.619666337966919, 0.5409896373748779], "mean_iou": [0.06399556249380112, 0.08073795586824417, 0.07087140530347824, 0.06531350314617157, 0.08152998238801956, 0.06689833849668503, 0.06952870637178421, 0.06939981132745743, 0.07085034996271133, 0.07149238884449005, 0.06425340473651886, 0.07015405595302582, 0.07320847362279892, 0.061741627752780914, 0.06581918895244598], "dsc": [0.19861389696598053, 0.357496440410614, 0.33665844798088074, 0.3554968237876892, 0.4672599732875824, 0.38088810443878174, 0.4281482994556427, 0.45235076546669006, 0.43335452675819397, 0.4254556894302368, 0.4444900453090668, 0.4166204035282135, 0.4491361379623413, 0.3709966540336609, 0.43712568283081055], "tversky": [0.24115408957004547, 0.3951833248138428, 0.35482102632522583, 0.36773034930229187, 0.47748124599456787, 0.39288970828056335, 0.4340052604675293, 0.4612507224082947, 0.4425888657569885, 0.4294242262840271, 0.4509156048297882, 0.4195583760738373, 0.4506559669971466, 0.3803336024284363, 0.45901042222976685], "tversky_b": [0.32759714126586914, 0.4484550952911377, 0.3770078718662262, 0.3820324242115021, 0.48876145482063293, 0.4023383855819702, 0.44148534536361694, 0.46484261751174927, 0.45690733194351196, 0.4330073595046997, 0.4535156488418579, 0.42230185866355896, 0.522868275642395, 0.38368335366249084, 0.5486566424369812], "acc": [0.8637322783470154, 0.9158456921577454, 0.9486777186393738, 0.9521437287330627, 0.9687964916229248, 0.9673731923103333, 0.9668784737586975, 0.9594463109970093, 0.9753820896148682, 0.9682353138923645, 0.9743630290031433, 0.9696010947227478, 0.9730501174926758, 0.9550551772117615, 0.9793450236320496], "val_loss": [0.9336551427841187, 0.9005879759788513, 0.8897063732147217, 0.7868751883506775, 0.8145487904548645, 0.7921935319900513, 0.70881587266922, 0.678379237651825, 0.8792179226875305, 0.6636708378791809, 0.6457270383834839, 0.5515643358230591, 0.8041655421257019, 0.7582331895828247, 0.8183814883232117], "val_mean_iou": [0.02613493613898754, 0.024274753406643867, 0.026676390320062637, 0.026986317709088326, 0.026339242234826088, 0.02694246731698513, 0.028639862313866615, 0.030369313433766365, 0.020648958161473274, 0.028143078088760376, 0.029913656413555145, 0.028515838086605072, 0.021384110674262047, 0.02882605977356434, 0.022855617105960846], "val_dsc": [0.04851202666759491, 0.0778750628232956, 0.09136366844177246, 0.19521112740039825, 0.16758058965206146, 0.1907501220703125, 0.23941390216350555, 0.25749629735946655, 0.0962783619761467, 0.2551039755344391, 0.2705595791339874, 0.3116231858730316, 0.17973141372203827, 0.21448519825935364, 0.14662060141563416], "val_tversky": [0.0663459450006485, 0.09941626340150833, 0.11029299348592758, 0.21312443912029266, 0.1854526698589325, 0.20780733227729797, 0.29118406772613525, 0.32162028551101685, 0.12078310549259186, 0.33632874488830566, 0.35427337884902954, 0.44843584299087524, 0.19583427906036377, 0.24176709353923798, 0.18161563575267792], "val_tversky_b": [0.11512725055217743, 0.1462438404560089, 0.1373918056488037, 0.6653156876564026, 0.6701359748840332, 0.7646923661231995, 0.7567239999771118, 0.7809861898422241, 0.6187988519668579, 0.8137423992156982, 0.8359012603759766, 0.8772164583206177, 0.8361937999725342, 0.7220601439476013, 0.20169265568256378], "val_acc": [0.8411738872528076, 0.8486629128456116, 0.8481354713439941, 0.9967546463012695, 0.9966941475868225, 0.997052788734436, 0.9975380897521973, 0.9979643821716309, 0.9917911291122437, 0.9978623390197754, 0.9981852769851685, 0.9982556700706482, 0.9969696402549744, 0.997965931892395, 0.8562187552452087]}