{"loss": [0.8299411535263062, 0.7252766489982605, 0.6842625737190247, 0.671696662902832, 0.5806689262390137, 0.5909848809242249, 0.5736077427864075, 0.5905946493148804, 0.566997230052948, 0.5630295872688293, 0.5312162637710571, 0.5439559817314148, 0.6014065146446228, 0.5228444933891296, 0.5128118991851807], "mean_iou": [0.05829261988401413, 0.0642274022102356, 0.06187810003757477, 0.05210624262690544, 0.07053769379854202, 0.06776797026395798, 0.06275475025177002, 0.06990586221218109, 0.07286780327558517, 0.06444670259952545, 0.06977557390928268, 0.07587968558073044, 0.06740100681781769, 0.07714736461639404, 0.07646844536066055], "dsc": [0.17005892097949982, 0.27472326159477234, 0.3157372772693634, 0.3283029794692993, 0.4193311929702759, 0.4090152084827423, 0.4263920485973358, 0.4094052016735077, 0.4330025911331177, 0.4369702935218811, 0.46878382563591003, 0.45604395866394043, 0.3985934257507324, 0.47715553641319275, 0.48718804121017456], "tversky": [0.21334731578826904, 0.3080505132675171, 0.33684250712394714, 0.33721938729286194, 0.429174542427063, 0.4117259085178375, 0.4256380498409271, 0.4087361693382263, 0.4392480254173279, 0.43851545453071594, 0.4659081697463989, 0.45602187514305115, 0.39750584959983826, 0.47730904817581177, 0.49274736642837524], "tversky_b": [0.3347924053668976, 0.3832257091999054, 0.3751486539840698, 0.3529481589794159, 0.4464356303215027, 0.417875200510025, 0.4312514066696167, 0.4119804799556732, 0.44362345337867737, 0.44266965985298157, 0.4797136187553406, 0.4585651755332947, 0.3993912637233734, 0.5554071664810181, 0.5742794871330261], "acc": [0.8777704238891602, 0.9446396827697754, 0.9586905837059021, 0.9590809941291809, 0.9548290967941284, 0.9652737975120544, 0.9603924751281738, 0.9655361175537109, 0.9693441987037659, 0.9743945002555847, 0.9735807776451111, 0.9659880995750427, 0.9537487030029297, 0.976757287979126, 0.9856942296028137], "val_loss": [0.9621031880378723, 0.9447141885757446, 0.9199751615524292, 0.8739182353019714, 0.7975346446037292, 0.8189056515693665, 0.8179608583450317, 0.7647812366485596, 0.7925307154655457, 0.7727896571159363, 0.7227873206138611, 0.7293803095817566, 0.9003190994262695, 0.938532829284668, 0.6489747762680054], "val_mean_iou": [0.012617203406989574, 0.022613435983657837, 0.024643607437610626, 0.02434193342924118, 0.027545040473341942, 0.02543022111058235, 0.025629442185163498, 0.02754352055490017, 0.026967506855726242, 0.023519674316048622, 0.02704351209104061, 0.02518508955836296, 0.021754294633865356, 0.014630851335823536, 0.02449347823858261], "val_dsc": [0.03790915012359619, 0.055293675512075424, 0.08002911508083344, 0.1260804980993271, 0.20246627926826477, 0.1810949742794037, 0.18203924596309662, 0.23521770536899567, 0.20746950805187225, 0.22721093893051147, 0.27721285820007324, 0.27061912417411804, 0.09968199580907822, 0.06146898493170738, 0.3510243892669678], "val_tversky": [0.05428137630224228, 0.07466576248407364, 0.10127196460962296, 0.14957691729068756, 0.2158394306898117, 0.19264113903045654, 0.20748630166053772, 0.2891467213630676, 0.23294682800769806, 0.29294005036354065, 0.3875035345554352, 0.38225996494293213, 0.12599436938762665, 0.08189105987548828, 0.5167510509490967], "val_tversky_b": [0.06443299353122711, 0.17327003180980682, 0.13467304408550262, 0.6801670789718628, 0.7799975275993347, 0.7680022716522217, 0.3989183306694031, 0.7651119828224182, 0.7609434127807617, 0.759627103805542, 0.7734244465827942, 0.775720477104187, 0.15718945860862732, 0.08021292835474014, 0.8165760636329651], "val_acc": [0.7001978158950806, 0.8520987629890442, 0.8427501916885376, 0.994617223739624, 0.9978293180465698, 0.9973947405815125, 0.9886414408683777, 0.9975168704986572, 0.9974603056907654, 0.9970998167991638, 0.9975476264953613, 0.9975502490997314, 0.8535304069519043, 0.8096128702163696, 0.997494637966156]}