{"loss": [0.18112747371196747, 0.15245093405246735, 0.13589762151241302, 0.12938009202480316, 0.1271880567073822, 0.1272527575492859, 0.1266814023256302, 0.12763482332229614, 0.12632960081100464, 0.12616881728172302, 0.12779000401496887, 0.1257505863904953, 0.1268296241760254, 0.12647952139377594, 0.12618519365787506], "mean_iou": [0.03434274345636368, 0.025449303910136223, 0.023207273334264755, 0.005123518407344818, 0.023669622838497162, 0.03347562253475189, 0.02348230965435505, 0.020078346133232117, 0.028645390644669533, 0.03344808146357536, 0.023458153009414673, 0.04051358997821808, 0.029759326949715614, 0.0260234996676445, 0.03440855070948601], "dsc": [0.11584142595529556, 0.14337599277496338, 0.16309896111488342, 0.13355056941509247, 0.24184855818748474, 0.31057456135749817, 0.2552870213985443, 0.2081267088651657, 0.2862392067909241, 0.26762932538986206, 0.26406440138816833, 0.3390201926231384, 0.23182763159275055, 0.24303390085697174, 0.30042675137519836], "tversky": [0.14266040921211243, 0.153772234916687, 0.16763535141944885, 0.12620630860328674, 0.22681203484535217, 0.2954567074775696, 0.23821312189102173, 0.1992310732603073, 0.26951515674591064, 0.25429847836494446, 0.25285977125167847, 0.32449600100517273, 0.22892065346240997, 0.24407987296581268, 0.2925153970718384], "tversky_b": [0.22450067102909088, 0.19333742558956146, 0.2720836102962494, 0.46500152349472046, 0.5712603330612183, 0.5539476871490479, 0.5541999936103821, 0.5724971294403076, 0.5421059131622314, 0.5319472551345825, 0.6354201436042786, 0.6224125623703003, 0.5700469017028809, 0.6173440217971802, 0.5826295018196106], "acc": [0.9133734703063965, 0.9368758201599121, 0.9675303101539612, 0.9682033061981201, 0.9705861806869507, 0.9772595763206482, 0.9730914235115051, 0.9798594117164612, 0.9751390814781189, 0.9736976027488708, 0.9838215112686157, 0.9777389764785767, 0.9783869981765747, 0.9773815274238586, 0.9775846004486084], "val_loss": [0.2057691067457199, 0.14858372509479523, 0.1304824948310852, 0.13096070289611816, 0.13043490052223206, 0.12969830632209778, 0.12933093309402466, 0.12937429547309875, 0.12915746867656708, 0.129111647605896, 0.12911051511764526, 0.12905532121658325, 0.1291773021221161, 0.12898841500282288, 0.12898434698581696], "val_mean_iou": [8.777513721724972e-05, 0.012478743679821491, 0.00012699705257546157, 0.0034381996374577284, 0.011083059012889862, 0.008065586909651756, 0.01095105241984129, 0.003251762129366398, 0.012909365817904472, 0.015529721044003963, 0.013612580485641956, 0.015766939148306847, 0.0050010280683636665, 0.015543309040367603, 0.014178751036524773], "val_dsc": [0.01063742209225893, 0.054986655712127686, 0.04567772522568703, 0.0708870217204094, 0.10838710516691208, 0.1035633534193039, 0.1268310248851776, 0.07413944602012634, 0.13823819160461426, 0.1537497639656067, 0.1494564563035965, 0.15992555022239685, 0.08705250918865204, 0.16966642439365387, 0.16861319541931152], "val_tversky": [0.013612691313028336, 0.06629519164562225, 0.04346982017159462, 0.06855601072311401, 0.10787060111761093, 0.1015811562538147, 0.12867937982082367, 0.07788244634866714, 0.1469380110502243, 0.16985942423343658, 0.16223184764385223, 0.18219327926635742, 0.10114014148712158, 0.21543042361736298, 0.21879903972148895], "val_tversky_b": [0.16286605596542358, 0.8258851170539856, 0.7360447645187378, 0.8057233095169067, 0.8288785815238953, 0.8129503726959229, 0.821868360042572, 0.7820284366607666, 0.8236584067344666, 0.7814375758171082, 0.8147966265678406, 0.8010379672050476, 0.7974302768707275, 0.8183606863021851, 0.8112297654151917], "val_acc": [0.8583270311355591, 0.9945502877235413, 0.9905296564102173, 0.9936838150024414, 0.995509922504425, 0.9947878122329712, 0.9955729246139526, 0.9926298260688782, 0.9957191348075867, 0.9958851337432861, 0.9961546063423157, 0.9960532188415527, 0.9933633804321289, 0.9961144924163818, 0.9959022402763367]}