{"loss": [-0.007241880986839533, -0.00907064601778984, -0.008830464445054531, -0.010033275932073593, -0.007281637750566006, -0.009329927153885365, -0.009622606448829174, -0.009123320691287518, -0.008705047890543938, -0.01113088522106409, -0.00952876266092062, -0.00863991305232048, -0.008547899313271046, -0.007690763566643, -0.008693340234458447], "mean_iou": [0.007241880986839533, 0.00907064601778984, 0.008830464445054531, 0.010033275932073593, 0.007281637750566006, 0.009329927153885365, 0.009622606448829174, 0.009123320691287518, 0.008705047890543938, 0.01113088522106409, 0.00952876266092062, 0.00863991305232048, 0.008547899313271046, 0.007690763566643, 0.008693340234458447], "dsc": [0.04448684677481651, 0.06498019397258759, 0.05802222341299057, 0.0661419928073883, 0.04269872605800629, 0.06574153900146484, 0.0548771508038044, 0.05591732636094093, 0.05184895917773247, 0.06377041339874268, 0.05575189366936684, 0.05266711488366127, 0.05607884004712105, 0.047417186200618744, 0.057972900569438934], "tversky": [0.06201445683836937, 0.08859467506408691, 0.07908281683921814, 0.08873602002859116, 0.05964762717485428, 0.08882394433021545, 0.07573368400335312, 0.07762088626623154, 0.07150891423225403, 0.08710213750600815, 0.0765405148267746, 0.07351864874362946, 0.0754443034529686, 0.06524361670017242, 0.07865852117538452], "tversky_b": [0.05959973856806755, 0.08210320770740509, 0.07993923872709274, 0.08731243014335632, 0.059032145887613297, 0.0859469622373581, 0.07566442340612411, 0.0749148279428482, 0.06895904242992401, 0.0876709446310997, 0.07467076182365417, 0.07138793915510178, 0.07190051674842834, 0.06302227824926376, 0.07739372551441193], "acc": [0.605127215385437, 0.6031169295310974, 0.6087015867233276, 0.5984143018722534, 0.6053851842880249, 0.6059826016426086, 0.6070393919944763, 0.6091266870498657, 0.6017770171165466, 0.599950909614563, 0.6005190014839172, 0.6016917824745178, 0.6029772758483887, 0.610271692276001, 0.6052258014678955], "val_loss": [-0.0001368610974168405, -0.00035501972888596356, -0.0010339098516851664, -0.0015682043740525842, -0.0018115602433681488, -0.0019491133280098438, -0.001957704545930028, -0.001995533937588334, -0.001981701236218214, -0.0019435965223237872, -0.00198731804266572, -0.001971269492059946, -0.0019781633745878935, -0.0019357693381607533, -0.001978188520297408], "val_mean_iou": [0.0001368610974168405, 0.00035501972888596356, 0.0010339098516851664, 0.0015682043740525842, 0.0018115602433681488, 0.0019491133280098438, 0.001957704545930028, 0.001995533937588334, 0.001981701236218214, 0.0019435965223237872, 0.00198731804266572, 0.001971269492059946, 0.0019781633745878935, 0.0019357693381607533, 0.001978188520297408], "val_dsc": [0.016319898888468742, 0.015253719873726368, 0.015371468849480152, 0.015636814758181572, 0.014049139805138111, 0.013905779458582401, 0.013902058824896812, 0.01386602595448494, 0.013857017271220684, 0.013759302906692028, 0.013770568184554577, 0.013607221655547619, 0.01368710957467556, 0.013592066243290901, 0.013850035145878792], "val_tversky": [0.023543009534478188, 0.021804070100188255, 0.022011693567037582, 0.022336004301905632, 0.020209169015288353, 0.019972113892436028, 0.02016494981944561, 0.020041365176439285, 0.019932156428694725, 0.01981387473642826, 0.019778113812208176, 0.019553514197468758, 0.019754018634557724, 0.019618500024080276, 0.02002592198550701], "val_tversky_b": [0.006035311613231897, 0.00892490241676569, 0.01683325693011284, 0.01990456134080887, 0.01669628545641899, 0.01615734025835991, 0.01628563180565834, 0.016180584207177162, 0.016455864533782005, 0.016315266489982605, 0.016321392729878426, 0.0162518173456192, 0.016279121860861778, 0.0159843098372221, 0.016352716833353043], "val_acc": [0.7905137538909912, 0.6824665665626526, 0.7062100768089294, 0.6925618052482605, 0.5694831013679504, 0.5230802297592163, 0.5251232385635376, 0.5174566507339478, 0.552903950214386, 0.560723602771759, 0.549082338809967, 0.5609133243560791, 0.5517129302024841, 0.5494152903556824, 0.5350612998008728]}